"sm_pledge","hj_pledge","sm_benefits","hj_benefits","count_pledge","count_benefits","group"
0.913461538461538,0.900772356676303,0.893617021276596,0.928164756380918,624,141,0
0.92,0.926914918379497,0.848275862068966,0.899252755833259,575,145,1
